/*
SQLyog Ultimate v12.09 (64 bit)
MySQL - 5.7.12-log : Database - bookstore
*********************************************************************
*/

/*!40101 SET NAMES utf8 */;

/*!40101 SET SQL_MODE=''*/;

/*!40014 SET @OLD_UNIQUE_CHECKS=@@UNIQUE_CHECKS, UNIQUE_CHECKS=0 */;
/*!40014 SET @OLD_FOREIGN_KEY_CHECKS=@@FOREIGN_KEY_CHECKS, FOREIGN_KEY_CHECKS=0 */;
/*!40101 SET @OLD_SQL_MODE=@@SQL_MODE, SQL_MODE='NO_AUTO_VALUE_ON_ZERO' */;
/*!40111 SET @OLD_SQL_NOTES=@@SQL_NOTES, SQL_NOTES=0 */;
CREATE DATABASE /*!32312 IF NOT EXISTS*/`bookstore` /*!40100 DEFAULT CHARACTER SET utf8 */;

USE `bookstore`;

/*Table structure for table `admin` */

DROP TABLE IF EXISTS `admin`;

CREATE TABLE `admin` (
  `aid` char(32) NOT NULL,
  `username` varchar(50) NOT NULL,
  `password` varchar(50) NOT NULL
) ENGINE=InnoDB DEFAULT CHARSET=utf8;

/*Data for the table `admin` */

insert  into `admin`(`aid`,`username`,`password`) values ('1','adminadmin','adminadmin');

/*Table structure for table `book` */

DROP TABLE IF EXISTS `book`;

CREATE TABLE `book` (
  `bid` char(32) NOT NULL,
  `bname` varchar(100) DEFAULT NULL,
  `price` decimal(6,2) DEFAULT NULL,
  `author` varchar(20) DEFAULT NULL,
  `image` varchar(200) DEFAULT NULL,
  `cid` char(32) DEFAULT NULL,
  `addtime` datetime DEFAULT NULL,
  `del` tinyint(1) DEFAULT '0',
  PRIMARY KEY (`bid`),
  KEY `cid` (`cid`),
  CONSTRAINT `book_ibfk_1` FOREIGN KEY (`cid`) REFERENCES `category` (`cid`)
) ENGINE=InnoDB DEFAULT CHARSET=utf8;

/*Data for the table `book` */

insert  into `book`(`bid`,`bname`,`price`,`author`,`image`,`cid`,`addtime`,`del`) values ('0137A875AA0E4348B4C0347CAAEDD0F9',' 不纠结的修行','21.20','小池龙之介','images/book_img/f/3/EEFE63F38BB64745A5C92805FFB09FFD_17.jpg','8C05056CEAFD4C7D8175A73C9D8DA9B1','2016-07-04 15:56:12',0),('017AC1AABAE14D1C831C9DA2BC940985','生命喜悦的祈祷','27.40','沈妙瑜','images/book_img/7/2/E5757E1C469748A7A8F8DD2FCCEC106F_18.jpg','8C05056CEAFD4C7D8175A73C9D8DA9B1','2016-07-04 15:57:04',0),('0190001DC4B045F389854BB2B3964D58','Java编程思想（第4版）','70.20','当当','images/book_img/3/f/94593F7F62B445A7BD23EEA694451EAA_1.jpg','BF3A785CD417485DB4D86221D4087ABE','2016-07-04 17:04:54',0),('02798B9BF282451C83923A12E2944F04','搜索引擎：信息检索实践','47.60','克罗夫特','images/book_img/5/e/A8D574A4D5DE429FBAEE144D5CFD5685_15.jpg','ED306E5585294B65830DA165DFA1E97C','2016-07-04 16:33:55',0),('083913F446334E0F8072A6383D1178FA','不忘初心，方得始终','22.60','凌茜','images/book_img/4/3/6838AFE576BC4D5CB21B182E614FDE9C_3.jpg','8C05056CEAFD4C7D8175A73C9D8DA9B1','2016-07-04 15:06:47',0),('090C4CE847094BBABB2D6C670A3D1C41','现代信息检索(原书第2版)','100.30','贝泽耶茨','images/book_img/a/d/2B8099E7AFB742C6AB143DDAAB4317CA_14.jpg','ED306E5585294B65830DA165DFA1E97C','2016-07-04 16:33:11',0),('0F02590966034291B9C2C0B2E7FC20D7','专利信息采集与分析（第2版）','62.00','陈燕','images/book_img/5/1/C09E98367965441BBD8E6D292947455F_4.jpg','ED306E5585294B65830DA165DFA1E97C','2016-07-04 16:25:08',0),('155A95DE089B41D284740934A122AAE9','《信息管理学基础》案例与实验教程','27.20','马费成，宋恩梅','images/book_img/8/2/295AE6E3DA1C413DA7AAE132EDAD8E1D_19.jpg','ED306E5585294B65830DA165DFA1E97C','2016-07-04 16:37:52',0),('16488864CC1E422985BBAE0D21C875B8','智造展览——博物馆馆长讲博物馆2','62.40','上海博物馆','images/book_img/8/6/E4CCA76DC1BC4FA5B35F40E628A26436_16.jpg','FC69C6E2E55642EF84ACC7553D7726EB','2016-07-04 16:55:58',0),('1E28CDB521FA4986978235CD8BBB5937','计算机操作系统（第四版）','31.70','汤小丹 ','images/book_img/e/9/BC9E00CE2BD1422396A7B1171C86050D_19.jpg','BF3A785CD417485DB4D86221D4087ABE','2016-07-04 17:21:31',0),('26C68F6A527D4E88AD748EE32F53219E','数字图像处理（第三版）','53.00','冈萨雷斯','images/book_img/1/1/DCB1B0104C394B4CACAD13D02B85D639_15.jpg','BF3A785CD417485DB4D86221D4087ABE','2016-07-04 17:18:40',0),('283B43D70C3D4D99B48BAC75BF6C2326','信息方式：后结构主义与社会语境','20.40','马克·波斯特','images/book_img/b/a/345A71E9FA01472EB712A7DBED9446B6_11.jpg','ED306E5585294B65830DA165DFA1E97C','2016-07-04 16:30:46',0),('289CFD96981E419ABBACFE63D15378B2','奇书推演天下事：何新品《易经》','47.80','何新','images/book_img/5/9/F2CB5B4FC8314B06AC920ED60F6201DB_18.jpg','DD7BBB32A4E84EA5B41C40C22033EB42','2016-07-04 16:18:24',0),('292DC90A46AC462CBD663DDA3E68E536','谁不曾浑身是伤，谁不曾彷徨迷惘','24.70','卢思浩，里则林','images/book_img/2/5/60144C2EC24548059BE5189E46E5C573_15.jpg','8C05056CEAFD4C7D8175A73C9D8DA9B1','2016-07-04 15:54:17',0),('2A6C7A6F58894CD8B12E9C7DA503B274','信息系统运行与维护（第2版）','39.70','葛世伦','images/book_img/6/f/02DB93C6876D472183B4C79BE6739D64_11.jpg','BF3A785CD417485DB4D86221D4087ABE','2016-07-04 17:14:30',0),('2C610ED0A7964A618EDA98F3F5C9142C','C语言程序设计(第3版)','37.20','谭浩强','images/book_img/5/4/BF36FC0F54BD488096B51069BF7F8873_9.jpg','BF3A785CD417485DB4D86221D4087ABE','2016-07-04 17:12:42',0),('2FC6B6ACCB0943DC85A95E97F50771DE','不生气，你就赢了','21.30','华 阳','images/book_img/f/0/32BD1BBF30994ECEA1514BA900C15199_9.jpg','8C05056CEAFD4C7D8175A73C9D8DA9B1','2016-07-04 15:47:38',0),('302DF4D1B54F4D39BA619ADC7BE1BE34','力量：与大师一起读书成长','28.80','季羡林','images/book_img/e/3/A1CC641D190A4F79A4714E8C086C0215_8.jpg','DD7BBB32A4E84EA5B41C40C22033EB42','2016-07-04 16:09:02',0),('370A339FF88949FA8CEC18AB69796D9E','C语言从入门到精通(第2版)','33.90','明日科技','images/book_img/d/8/030536117ADF4C84BEF29397200771EC_3.jpg','BF3A785CD417485DB4D86221D4087ABE','2016-07-04 17:06:49',0),('413C707424004B86A0CE3E8786B094C2','我是即将来到的日子','31.50','熊培云','images/book_img/4/2/33F39398A07F4305AC9EF962D52704D4_12.jpg','DD7BBB32A4E84EA5B41C40C22033EB42','2016-07-04 16:12:14',0),('4314A56E2EE64BD79E3591B02A93C181','淡定：做内心强大的自己','19.20','卡耐基','images/book_img/8/3/773F93D920934C6B90CC80B85D4FCE5E_7.jpg','8C05056CEAFD4C7D8175A73C9D8DA9B1','2016-07-04 15:11:32',0),('434C11DDC41043BD836090C99A0853F7','电子文件管理国家战略','60.03','冯惠玲，刘越男','images/book_img/b/b/0349C720579641F4BC2558A6A80C3627_5.jpg','ED306E5585294B65830DA165DFA1E97C','2016-07-04 16:26:11',0),('44943ED3F5854D6EA12A255D6E9763BB','呈现的真相和传达的策略','52.30','刘宏宇','images/book_img/1/b/FA08D53F133A4159AD3BCD189EC921E4_12.jpg','FC69C6E2E55642EF84ACC7553D7726EB','2016-07-04 16:51:31',0),('458C5EA0251F4113AB57BF67EB6A7D85','生命的重建','16.40','露易丝·海','images/book_img/1/f/DA2FA608618C4CE7823E2AE2552A5E8E_4.jpg','8C05056CEAFD4C7D8175A73C9D8DA9B1','2016-07-04 15:07:59',0),('466AA3FB1C124613B5FB5D8EC2226CB0','美术馆管理--博物馆管理丛书','26.60','黄光男','images/book_img/2/a/FB714596294A48BDBD2B62DF71595C5A_8.jpg','FC69C6E2E55642EF84ACC7553D7726EB','2016-07-04 16:47:43',0),('4D1464B3EEF04E3FBBCBD42261E9A53D','匠人','35.40','理查德·桑内特','images/book_img/1/7/6D42D8894C9B4A65A28CAF3539F3036C_2.jpg','DD7BBB32A4E84EA5B41C40C22033EB42','2016-07-04 16:03:22',0),('5B687162508C40ADB657243BDA2252AA','法科学生必修课：论文写作与资源检索','41.70','凌斌','images/book_img/0/e/52F436A46AAF4A70BDC3A133186E934F_1.jpg','ED306E5585294B65830DA165DFA1E97C','2016-07-04 16:22:25',0),('5E784C3AF865479F91FAB0E3F800A0F6','数据库系统概念(原书第6版)','69.30','西尔伯沙茨','images/book_img/3/e/ADF0CE1FBA4E44A2973DB2F16BD779CD_13.jpg','BF3A785CD417485DB4D86221D4087ABE','2016-07-04 17:16:13',0),('61F712AF06E04B97B27EA7822633267E','博物馆研究书系：博物馆教育活动研究','42.30','郑奕','images/book_img/1/e/880D8CBF53BC476FBCB461D2FFF844C9_4.jpg','FC69C6E2E55642EF84ACC7553D7726EB','2016-07-04 16:43:45',0),('63CFDC0F70114DA9B2EFA3D9E1222985','凤凰文库艺术理论研究系列-博物馆怀疑论','46.40','卡里尔','images/book_img/e/2/B6C79927F1EE439EAA9DE625AA8A06B8_14.jpg','FC69C6E2E55642EF84ACC7553D7726EB','2016-07-04 16:53:26',0),('65E2870AC54F40889AB702AE746173C8','伦敦大英博物馆——伟大的博物馆','46.90','莫扎蒂','images/book_img/e/d/64D0763C340D43DEA41A1637D5AB1509_1.jpg','FC69C6E2E55642EF84ACC7553D7726EB','2016-07-04 16:40:49',0),('669E4A7A19CD422A9E511DA5B42BB316','信息组织原理与方法','32.30','司莉 ','images/book_img/e/c/6B41D72AC92649E0B3280CD59EDCDF06_7.jpg','ED306E5585294B65830DA165DFA1E97C','2016-07-04 16:27:45',0),('683F9009E88B42A0AB19D2D422A4AF50','信息论基础（原书第2版）','49.30','科弗（Cover，T.M.）','images/book_img/0/e/7354D2337BB54DC686EA7A80474B2EE4_3.jpg','ED306E5585294B65830DA165DFA1E97C','2016-07-04 16:24:22',0),('68D11E8F89194714B6A6D1816CC0B2D2','实用科技信息检索与利用','26.30','徐军玲，徐荣华','images/book_img/6/7/71C1580C79CE4829AB51CCF6E95D21C1_8.jpg','ED306E5585294B65830DA165DFA1E97C','2016-07-04 16:28:31',0),('69E6D26BE364437CAC2C4DD564575854','心静的力量','32.00','拿破仑·希尔','images/book_img/b/c/D9019DD84D194DE2B5111C777E8A2254_2.jpg','8C05056CEAFD4C7D8175A73C9D8DA9B1','2016-07-04 15:05:13',0),('6AB32D551C114C77B55A70FFECD44FD2','道法自然天法道：何新品《老子》','33.70','老子','images/book_img/0/2/55695CAD82134BDAB698FB686DB5C273_17.jpg','DD7BBB32A4E84EA5B41C40C22033EB42','2016-07-04 16:17:29',0),('6EF8FA9C568B447AB2237FDC6FEF4302','文献信息检索与论文写作（第五版）','22.40','王细荣','images/book_img/6/6/FEC07525A6244275B1FF94ADCB4C220C_13.jpg','ED306E5585294B65830DA165DFA1E97C','2016-07-04 16:32:20',0),('70F4D77C243E489BB385BEA6D1E98D19','北大经典讲座','25.40','胡适','images/book_img/b/b/65F4FE71CE364AA382E40AC95D182942_20.jpg','DD7BBB32A4E84EA5B41C40C22033EB42','2016-07-04 16:20:04',0),('729620110BBC408C85C7C38A127B5FAC','算法导论（原书第3版）','83.20','殷建平','images/book_img/2/5/D498125483DB4EF2989E8FA352554E7E_2.jpg','BF3A785CD417485DB4D86221D4087ABE','2016-07-04 17:05:59',0),('75B279F72BB24046992A15B743BC25B0','零极限','22.50','乔·维泰利','images/book_img/b/7/DF0AA982E72741EEAA2C49ECC1005AA6_16.jpg','8C05056CEAFD4C7D8175A73C9D8DA9B1','2016-07-04 15:55:15',0),('778B41D63F7A454384014A9D28A7B792','拥抱你的内在小孩','22.10','克里希那南达','images/book_img/5/1/777EC2CE98EC4DD7A824D41C4A803DF6_14.jpg','8C05056CEAFD4C7D8175A73C9D8DA9B1','2016-07-04 15:53:32',0),('7A301E610C4346CEBD9BB70C3B11C22F','生命的重建2','26.30','露易丝·海 ','images/book_img/6/1/CA4C089E823149B2832CD568034856A0_19.jpg','8C05056CEAFD4C7D8175A73C9D8DA9B1','2016-07-04 15:58:02',0),('7AAB630D199B460FA05C8E5A69ED667B','冬宫博物馆巡礼','33.60','李惠','images/book_img/9/9/C3FE3102509F4C3DB6D156EE0C016D06_19.jpg','FC69C6E2E55642EF84ACC7553D7726EB','2016-07-04 16:58:22',0),('7AC7EED7229247898A8BC75E48EFFCE7','曾国藩','64.00','唐浩明','images/book_img/0/3/EE578EBF7C6946AAB8D4126CD35E697C_15.jpg','DD7BBB32A4E84EA5B41C40C22033EB42','2016-07-04 16:14:42',0),('7B435D86A39443A7B190DC255743F1DC','文明的穿越：世界四大博物馆巡礼','40.00','赵声良','images/book_img/5/7/6CBC1DFB85CF45758C8DD957E9939C46_18.jpg','FC69C6E2E55642EF84ACC7553D7726EB','2016-07-04 16:57:37',0),('842E9CE8CF4544E58C9A36DA45529667','信息检索','34.90','袁曦临','images/book_img/2/c/211990AF51834C3A8FABFEC2DF0BCFF0_9.jpg','ED306E5585294B65830DA165DFA1E97C','2016-07-04 16:29:16',0),('84A850238EB84F6FA2DD0776F927789E','国际建筑理论与实践丛书----博物馆展陈设计','140.70','余剑峰','images/book_img/d/b/1F4B4E5910CC4A1FBB260A210284C9D3_9.jpg','FC69C6E2E55642EF84ACC7553D7726EB','2016-07-04 16:49:13',0),('89ADFB9FCBA241CA88577C4E7C3A78E0','江村经济','23.80','费孝通','images/book_img/7/e/6419732171A845AB82B11E45CF9A1039_1.jpg','DD7BBB32A4E84EA5B41C40C22033EB42','2016-07-04 16:02:11',0),('8E670E91160240669D79585F4C48DEC9','季羡林人生十讲','23.30','季羡林','images/book_img/a/c/DD1B4DE795FA4D779C13C525B6A55959_14.jpg','DD7BBB32A4E84EA5B41C40C22033EB42','2016-07-04 16:13:51',0),('8EC0D66B46F542BBA10AE7DDFD682836','晚学盲言','83.80','钱穆','images/book_img/e/0/C14E3E7796A14896B0096F3D56085617_3.jpg','DD7BBB32A4E84EA5B41C40C22033EB42','2016-07-04 16:04:20',0),('90FF85BD7D6E48559857151F18F248A4','幸福的方法','21.00','本-沙哈尔','images/book_img/5/4/E78B65B2CF8E4DA2B53A33BD9A3CD0F0_11.jpg','8C05056CEAFD4C7D8175A73C9D8DA9B1','2016-07-04 15:50:02',0),('9336E185C6AB493C94DCF57482526ED7','化学化工文献检索与应用(第二版)','25.90','陈琼','images/book_img/7/6/54B04DAF857E4CA8BE2770B2259F8896_17.jpg','ED306E5585294B65830DA165DFA1E97C','2016-07-04 16:36:12',0),('93D0CC4C99CF42809D71B98C1CD80C93','21世纪高等学校规划教材 室内装饰材料应用与施工','29.70','张峰，陈雪杰','images/book_img/2/e/DFF6FC600F644D518CC24899A626F9BB_14.jpg','BF3A785CD417485DB4D86221D4087ABE','2016-07-04 17:17:04',0),('978C8E490BC54E14A6F5985C1A8EBE8D','C++数据结构与算法(第4版)','67.20',' 乔兹德克(Drozdek, A.)','images/book_img/2/0/368DDFF292584E4C9343A459D45C863E_18.jpg','BF3A785CD417485DB4D86221D4087ABE','2016-07-04 17:20:42',0),('99029EF746FB4D31A8336E05AE13D8EA','全球化与文化自觉-费孝通晚年文选','51.40','费孝通','images/book_img/b/8/1F69E409C0EA4A36BEE461FB2F3D2291_19.jpg','DD7BBB32A4E84EA5B41C40C22033EB42','2016-07-04 16:19:13',0),('99188E16EAC4403E89DD682C3B4D6C70','《计算机网络》释疑与习题解答','24.20','谢希仁','images/book_img/7/d/60D6E79C90D94CF58BF658D4DFEC1F05_20.jpg','BF3A785CD417485DB4D86221D4087ABE','2016-07-04 17:22:28',0),('9946C244E5614A18AB977FA865FA55D1','郑也夫著作精选（套装3册）','94.40','郑也夫','images/book_img/e/2/68220B65BBCB4BACA0E4316E79AC771F_13.jpg','DD7BBB32A4E84EA5B41C40C22033EB42','2016-07-04 16:13:02',0),('9A585EA45B744AC88C2BB88518A8E53E','与神对话','35.70','尼尔唐纳德沃尔什','images/book_img/f/2/D9E4B4DC229B4F4A9C436056D18B57E0_13.jpg','8C05056CEAFD4C7D8175A73C9D8DA9B1','2016-07-04 15:51:57',0),('9A6918089D224282A7632780503D8F28','哈耶克文选','56.20','弗里德里希冯哈耶克','images/book_img/1/d/BE69979C35F245D3BC1F163A2D2DA8C9_7.jpg','8C05056CEAFD4C7D8175A73C9D8DA9B1','2016-07-04 16:08:10',0),('9EE6713485194623A18F023C6370DEEF','亲密关系','21.70','克里斯多福·孟','images/book_img/f/a/2E9C3EFCC9B4421C9B07676892AF11A2_5.jpg','8C05056CEAFD4C7D8175A73C9D8DA9B1','2016-07-04 15:09:10',0),('9F41F022DEE04F0DB02D88CE3D0E846C','环球博物馆见闻录','73.50','何政广','images/book_img/1/6/262C072D22E14C7495FD3F945DC74640_20.jpg','FC69C6E2E55642EF84ACC7553D7726EB','2016-07-04 16:59:09',0),('A0A90CB61DD649A1AA70250E6E1AA846','不完美，才美','27.30','海蓝博士','images/book_img/b/1/4B20ACDD5B1A4CE9869B576A80EE10ED_12.jpg','8C05056CEAFD4C7D8175A73C9D8DA9B1','2016-07-04 15:52:40',0),('A4EC7965E28E4A03BDD8FD8E014EE0BE','TCP/IP 详解(卷1:协议)','29.30','史蒂文斯','images/book_img/1/4/BA560DF6B6FD4D6281F369EE9EA3DC5B_8.jpg','BF3A785CD417485DB4D86221D4087ABE','2016-07-04 17:11:26',0),('A89E106E7B6840A087F0EC14B2027E1F','文本情感分析关键技术研究','52.00','朱俭','images/book_img/4/1/36DB169EC77E4BAEAEC3C4A40B8622B3_12.jpg','ED306E5585294B65830DA165DFA1E97C','2016-07-04 16:31:30',0),('A94E4991017B442C967A868B41B02B05','基于项目生命周期的信息资源数字化建设研究','38.90','臧国全','images/book_img/f/4/E567EDA5416E4054B42453B83FDE5B0A_6.jpg','ED306E5585294B65830DA165DFA1E97C','2016-07-04 16:26:59',0),('AA00A16701CB4BC88931E5857142C1EE','好好爱自己','21.90','素黑','images/book_img/f/1/4E1F8871D7F14BF9BD339025A2C7D984_20.jpg','8C05056CEAFD4C7D8175A73C9D8DA9B1','2016-07-04 15:59:00',0),('AB2223C601564ACB9A3031147054F807','林语堂精装集：人生不过如此','25.80','林语堂','images/book_img/7/3/DC2017F6862A4FBBB40D57C0F476A97E_10.jpg','DD7BBB32A4E84EA5B41C40C22033EB42','2016-07-04 16:10:34',0),('B47A61C841454870BB866005C0C2ACD6','南怀瑾选集典藏版第9卷','66.30','南怀瑾','images/book_img/b/d/C5968E4F187C4FE69FF8816672417BA4_5.jpg','DD7BBB32A4E84EA5B41C40C22033EB42','2016-07-04 16:06:10',0),('B74342BD88844183A3428F01615C2482','顾准文集','27.50','顾准','images/book_img/3/5/2B6B595147AA4785A1548CBEA33F4757_9.jpg','DD7BBB32A4E84EA5B41C40C22033EB42','2016-07-04 16:09:50',0),('BA26B205B55C4B8BB5407F63124D4C29','博物馆临时展览工作基础实务','52.30','高红清','images/book_img/4/5/E1B362D7DF5E4C0BB8A9C88E12E0694A_5.jpg','FC69C6E2E55642EF84ACC7553D7726EB','2016-07-04 16:44:29',0),('BB7A7313FBD5490C8BD7F81552AE1B7C','曾昭燏文集·日记书信卷','187.70','南京博物院','images/book_img/c/0/7336B4C1AFE24666873B00FDCC6015A0_17.jpg','FC69C6E2E55642EF84ACC7553D7726EB','2016-07-04 16:56:44',0),('BEF70BA4F032472D978D604D33CE653B','应变思维','24.90','萧亮','images/book_img/a/6/4DACB9697424498AA11E173C89E6F3E3_6.jpg','8C05056CEAFD4C7D8175A73C9D8DA9B1','2016-07-04 15:10:15',0),('BFE469952B28473181EDDC74C2DAC577','让木乃伊跳舞','36.00','托马斯·霍文','images/book_img/9/f/B9CEBA7C196A478C8D3AF95066D08326_10.jpg','FC69C6E2E55642EF84ACC7553D7726EB','2016-07-04 16:49:39',0),('C008B74F6B83411BA1DE53701BA2F9C3','全媒体时代的医学信息素养与信息检索','58.80','黄晴珊','images/book_img/e/e/E9911A55A503478EB1C4596D1106D983_18.jpg','ED306E5585294B65830DA165DFA1E97C','2016-07-04 16:37:00',0),('C23F7B9D1CC94F178F4311B5CD460909','这就是搜索引擎','38.30','张俊林','images/book_img/d/7/F974418EAEF24F7899A2A22348783EAA_2.jpg','ED306E5585294B65830DA165DFA1E97C','2016-07-04 16:23:12',0),('C3F01856A14B4869A93CCBA82E11C8D8','人工智能：一种现代的方法（第3版）','99.80','罗素','images/book_img/a/b/3968D88E6923494AA5A4A43ACE22733E_10.jpg','BF3A785CD417485DB4D86221D4087ABE','2016-07-04 17:13:40',0),('C4AEDC23168945EB9A6B77588CBFD0F2','数据结构（C语言版）','24.90','严蔚敏，吴伟民','images/book_img/0/2/A6CBD43F41D944BCAB93C1A4F0E6D338_7.jpg','BF3A785CD417485DB4D86221D4087ABE','2016-07-04 17:10:37',0),('C92A4F09B516414FA273B4C1323FF623','文献检索与利用（第2版）','27.70','花芳','images/book_img/2/4/8B5233A3543F4139AD52549C855B943E_20.jpg','ED306E5585294B65830DA165DFA1E97C','2016-07-04 16:38:33',0),('CA53CCA1FD994B80A64880357562A685','卢浮宫私人词典','73.80','皮埃尔·罗森伯格','images/book_img/8/5/6CC7E91AA3044D2ABFFACC92ACE644F2_3.jpg','FC69C6E2E55642EF84ACC7553D7726EB','2016-07-04 16:43:12',0),('CF961A00B6ED4E7DB6158D5C477C63CC','上海博物馆(带你走进博物馆)','21.20','上海博物馆','images/book_img/f/7/24F150B014844056AD98602B0DF876B4_13.jpg','FC69C6E2E55642EF84ACC7553D7726EB','2016-07-04 16:52:19',0),('D2C2A1C19D6C45698E5DAE13EE019382','信息资源管理导论（第三版）','57.80','孟广均','images/book_img/d/f/E39577DA371947889E712B0F019F0ED9_16.jpg','ED306E5585294B65830DA165DFA1E97C','2016-07-04 16:34:42',0),('D546C6BD45644E39A9E1EAB0C2E91163','计算机网络（第6版）','26.20','谢希仁','images/book_img/e/1/86C7644377A247238CABF641B0D7592E_5.jpg','BF3A785CD417485DB4D86221D4087ABE','2016-07-04 17:08:52',0),('D932E0920E164146BF46E4E20D4DBBFA','少有人走的路','37.10','M·斯科特·派克','images/book_img/d/6/E02988355A64421682F6E0BC84005F15_1.jpg','8C05056CEAFD4C7D8175A73C9D8DA9B1','2016-07-04 14:56:11',0),('D96C6BEF28D945599BB1F84BFBBAAF08','中国生存启示录','31.20','梁晓声','images/book_img/4/a/592CC8BC5B8A4268A7E9B1691CABAE82_11.jpg','DD7BBB32A4E84EA5B41C40C22033EB42','2016-07-04 16:11:27',0),('E0B62AAF3ABA488C8DD65A475A939E86','博物馆企业--博物馆管理丛书','30.00','黄光男','images/book_img/e/8/999F2F5FF9094CA487E8BC25F87743E2_11.jpg','FC69C6E2E55642EF84ACC7553D7726EB','2016-07-04 16:50:35',0),('E257105210014CE0A7BAB28E82666060','C程序设计 第四版','23.20','谭浩强','images/book_img/5/b/511A9F556EF948228F4C24554FF0BAF8_6.jpg','BF3A785CD417485DB4D86221D4087ABE','2016-07-04 17:09:47',0),('E729E66DD1124AE3910B49B6A8D2BF3B','自动控制原理（第六版）','40.60','胡寿松','images/book_img/7/3/ED5D3F93858542968E15D3F1D6476EDE_16.jpg','BF3A785CD417485DB4D86221D4087ABE','2016-07-04 17:19:07',0),('E9E5132AADE04C9198DCC3C5B1C55C2E','C语言程序设计：现代方法（第2版）','53.00','K. N. King','images/book_img/8/9/A5333F46C93B423B985B4BAB12CCE9C3_12.jpg','BF3A785CD417485DB4D86221D4087ABE','2016-07-04 17:15:21',0),('EAC996C33EA140A7815B7DB15B504834','钱穆先生全集----双溪独语','51.00','钱穆','images/book_img/8/3/4BF501EE27B7455CA4D37879601FD41E_16.jpg','DD7BBB32A4E84EA5B41C40C22033EB42','2016-07-04 16:16:20',0),('F25EF03B86604C01A4009E89E2073078','深入理解计算机系统（原书第2版）','68.90','布莱恩特，奥哈拉伦','images/book_img/1/f/5DDA6509D71D4450B3EF4684C70F7045_4.jpg','BF3A785CD417485DB4D86221D4087ABE','2016-07-04 17:07:40',0),('F4E5ED11FC3E453CBEF5C67F13AF6D4F','数字博物馆研究','38.40','郑霞','images/book_img/d/e/62FA2E104824409BA3F3285476A7C1D2_15.jpg','FC69C6E2E55642EF84ACC7553D7726EB','2016-07-04 16:54:15',0),('F5AD5E75F6474D8CA2780A33159E9DD4','感谢自己的不完美','23.60','武志红','images/book_img/6/6/6623E8CF5EB34B23AE474EF65F1B4141_10.jpg','8C05056CEAFD4C7D8175A73C9D8DA9B1','2016-07-04 15:48:49',0),('F5FE9688C2EA42A1AC3399A390F4931E','第三帝国的艺术博物馆','38.40','哈恩斯-克里斯蒂安·罗尔','images/book_img/0/e/0CA293C934E849D7991F7A6BF3973025_6.jpg','FC69C6E2E55642EF84ACC7553D7726EB','2016-07-04 16:45:47',0),('F7BB06947ACB4BBD9EE8AD0D1750F057','大英博物馆的故事','23.00','出口保夫','images/book_img/8/3/ABEBE482D189400596A231CB66A745A6_7.jpg','FC69C6E2E55642EF84ACC7553D7726EB','2016-07-04 16:47:01',0),('F9E549A34666405FA34FAF02D2C2E19C','中国教育的觉醒—陶行知文集','34.90','陶行知','images/book_img/6/0/8346FACB820146C780E484278B93A180_6.jpg','DD7BBB32A4E84EA5B41C40C22033EB42','2016-07-04 16:07:04',0),('FA1AEE839DF2461FB4038F90F3507E9A','梁漱溟代表作品集（共4册）','0.00','70.0','images/book_img/6/2/113EB409A3B84F96B7C7B8328585F71B_4.jpg','DD7BBB32A4E84EA5B41C40C22033EB42','2016-07-04 16:05:13',0),('FAE3E98980F145B98AD483A1A5080B7D','重遇未知的自己','26.10','张德芬','images/book_img/d/9/641B30BF52D34DE983AF9DBE3AD57957_8.jpg','8C05056CEAFD4C7D8175A73C9D8DA9B1','2016-07-04 15:12:39',0),('FBE021DBA7B04DBDA180E31538A014A7','信息渴望自由','21.70','胡泳','images/book_img/8/5/F3B3A31C4B854DA1A98B78999396C324_10.jpg','ED306E5585294B65830DA165DFA1E97C','2016-07-04 16:29:58',0),('FC692A69D8AC430CB0FD1D83A03BBA91','中国博物馆学基础','32.00','王宏钧','images/book_img/5/3/9ED91EFA43A14870A17CC740065E5E78_2.jpg','FC69C6E2E55642EF84ACC7553D7726EB','2016-07-04 16:41:36',0),('FE4E40517E6643FCB915C839E57ED849','ASP.NET从入门到精通（第3版）','61.10','明日科技','images/book_img/6/9/99CEA6FB28234AC39B3FB61ADB30258E_17.jpg','BF3A785CD417485DB4D86221D4087ABE','2016-07-04 17:19:56',0);

/*Table structure for table `category` */

DROP TABLE IF EXISTS `category`;

CREATE TABLE `category` (
  `cid` char(32) NOT NULL,
  `cname` varchar(100) NOT NULL,
  PRIMARY KEY (`cid`)
) ENGINE=InnoDB DEFAULT CHARSET=utf8;

/*Data for the table `category` */

insert  into `category`(`cid`,`cname`) values ('8C05056CEAFD4C7D8175A73C9D8DA9B1','心灵与修养'),('BF3A785CD417485DB4D86221D4087ABE','工学'),('DD7BBB32A4E84EA5B41C40C22033EB42','社会科学'),('ED306E5585294B65830DA165DFA1E97C','信息检索与管理'),('FC69C6E2E55642EF84ACC7553D7726EB','博物馆学');

/*Table structure for table `orderitem` */

DROP TABLE IF EXISTS `orderitem`;

CREATE TABLE `orderitem` (
  `iid` char(32) NOT NULL,
  `count` int(11) DEFAULT NULL,
  `subtotal` decimal(10,2) DEFAULT NULL,
  `oid` char(32) DEFAULT NULL,
  `bid` char(32) DEFAULT NULL,
  PRIMARY KEY (`iid`),
  KEY `oid` (`oid`),
  KEY `bid` (`bid`),
  CONSTRAINT `orderitem_ibfk_1` FOREIGN KEY (`oid`) REFERENCES `orders` (`oid`),
  CONSTRAINT `orderitem_ibfk_2` FOREIGN KEY (`bid`) REFERENCES `book` (`bid`)
) ENGINE=InnoDB DEFAULT CHARSET=utf8;

/*Data for the table `orderitem` */

insert  into `orderitem`(`iid`,`count`,`subtotal`,`oid`,`bid`) values ('02383422E35747F3BA2A5D10810D174E',1,'22.60','C8085B23FC084B069D87E134D356A01A','083913F446334E0F8072A6383D1178FA'),('06E36C473A8C4379ACD37A6235309D93',1,'26.30','0C9816EC9D8D4981A14D21CBD3910FA5','7A301E610C4346CEBD9BB70C3B11C22F'),('0D0FF9F2EF8A436B881AC6EEF05DABF7',1,'24.70','AE4E4CB69ADC4EE49B872E5EEE288317','292DC90A46AC462CBD663DDA3E68E536'),('1764138E0F144B37838659F78CACFDCC',1,'51.40','3434161F87A843348801FE289139C6DB','99029EF746FB4D31A8336E05AE13D8EA'),('26749C71F9F24CB7857A1A91833DDD52',1,'19.20','326323D8EDC4496CAB6F5F2BAF6F873F','4314A56E2EE64BD79E3591B02A93C181'),('28C37727566E45BEA107E3DD641A43E4',1,'32.00','C62AE04922A441358FA44C18A9D6A444','69E6D26BE364437CAC2C4DD564575854'),('39EFF71739A744AD884336D7A5753BF9',1,'22.50','D051242A4FF042FC8A65B60F7970D9EB','75B279F72BB24046992A15B743BC25B0'),('3B7458F2F8D847D2804A249A12792E39',2,'54.80','D3672A9D95DB4BFC879F730A5E8DCAE7','017AC1AABAE14D1C831C9DA2BC940985'),('3BF90D4925394CC792433C958290CC47',1,'31.70','E27DE778DB3646AD9D42ABD72A3DF7BD','1E28CDB521FA4986978235CD8BBB5937'),('3F9D604568EF40B8B1160E9F09FCA78E',1,'31.50','3C415836D31E44BD878BB3A178C414C8','413C707424004B86A0CE3E8786B094C2'),('421C152F0F2D4FCE81755843A171844A',1,'62.40','3E2F82C7D8C041CF83E63354D7FD6E04','16488864CC1E422985BBAE0D21C875B8'),('440530C629D84C21BD62C7602AE684A5',1,'21.00','0C9816EC9D8D4981A14D21CBD3910FA5','90FF85BD7D6E48559857151F18F248A4'),('4F4C0508C2D34C0388282B1FCC666651',1,'25.40','5F0075EBA7384238A14469D1CA56045A','70F4D77C243E489BB385BEA6D1E98D19'),('5C44AFBB31C347478063BA05C191805B',1,'64.00','919A2F7D11D04E5EA341675D2D2F91E3','7AC7EED7229247898A8BC75E48EFFCE7'),('89877AF06EB44267BF56DB179FE3A34B',1,'56.20','D6C0BF6AE7B34AB3885AA54637FE9B46','9A6918089D224282A7632780503D8F28'),('B84FE44E0C374AA58BA4E5F95BD6F819',1,'28.80','7D2C29B36F134B798EC6AEF14F1F6256','302DF4D1B54F4D39BA619ADC7BE1BE34'),('BD9762509B9F4EBEA835A1F27F1EEEF3',1,'35.40','AB66ABD5254C47CCBA6641AE019A8630','4D1464B3EEF04E3FBBCBD42261E9A53D'),('C477D8A1C56A4EDE8EEF1B46760C47A5',1,'21.30','FA676885D1DE409D8CAF7A8F0869BC2A','2FC6B6ACCB0943DC85A95E97F50771DE'),('C4B60A26334346D79B128C167311D5E1',1,'16.40','D41A8A2EF7CD418585A26ED9D7AA8C9C','458C5EA0251F4113AB57BF67EB6A7D85'),('D6819559E66D4D738129F195096F0185',1,'23.30','89FEDC7C525C4BA58AD94CAC4ADAE939','8E670E91160240669D79585F4C48DEC9'),('D8ADFCB29CEC4945B9EBC6C37F5F7ADA',1,'21.20','CF445E4F79994AB390DB91F4E956E1CE','0137A875AA0E4348B4C0347CAAEDD0F9'),('D91EB4EBF1494788ACE757D114F65216',1,'23.80','121CBD04DEAA4E149332D6ED06293CBF','89ADFB9FCBA241CA88577C4E7C3A78E0'),('DCDC1F8F7F7F4402A9DCD5B070EF53E2',1,'52.30','2637FA2E181D4AC5B6F058270C299853','44943ED3F5854D6EA12A255D6E9763BB'),('EE99CBE04CA248F680F67CF03B966FDF',1,'47.80','D6C0BF6AE7B34AB3885AA54637FE9B46','289CFD96981E419ABBACFE63D15378B2'),('F67BCDA025DC479ABA2384931AB76F18',1,'31.70','8EE4954FEEF7405A9517B0302E9023E6','1E28CDB521FA4986978235CD8BBB5937'),('FC00A88A0A1D4854B082A433CF237E14',1,'22.10','0C9816EC9D8D4981A14D21CBD3910FA5','778B41D63F7A454384014A9D28A7B792');

/*Table structure for table `orders` */

DROP TABLE IF EXISTS `orders`;

CREATE TABLE `orders` (
  `oid` char(32) NOT NULL,
  `ordertime` datetime DEFAULT NULL,
  `total` decimal(10,2) DEFAULT NULL,
  `state` smallint(1) DEFAULT NULL,
  `uid` char(32) DEFAULT NULL,
  `consignee` varchar(50) DEFAULT NULL,
  `phone` char(11) DEFAULT NULL,
  `address` varchar(200) DEFAULT NULL,
  PRIMARY KEY (`oid`),
  KEY `uid` (`uid`),
  CONSTRAINT `orders_ibfk_1` FOREIGN KEY (`uid`) REFERENCES `tb_user` (`uid`)
) ENGINE=InnoDB DEFAULT CHARSET=utf8;

/*Data for the table `orders` */

insert  into `orders`(`oid`,`ordertime`,`total`,`state`,`uid`,`consignee`,`phone`,`address`) values ('0C9816EC9D8D4981A14D21CBD3910FA5','2016-07-04 18:41:14','69.40',2,'83B8799F57984441AFE71CEADC59386D','张三','17854214644','青岛工学院'),('121CBD04DEAA4E149332D6ED06293CBF','2016-07-04 18:44:22','23.80',1,'83B8799F57984441AFE71CEADC59386D','张三','17854214644','青岛工学院'),('2637FA2E181D4AC5B6F058270C299853','2016-07-04 18:44:35','52.30',3,'83B8799F57984441AFE71CEADC59386D','张三','17854214644','青岛工学院'),('326323D8EDC4496CAB6F5F2BAF6F873F','2016-07-04 18:40:30','19.20',4,'83B8799F57984441AFE71CEADC59386D','张三','17854214644','青岛工学院'),('3434161F87A843348801FE289139C6DB','2016-07-04 18:44:30','51.40',1,'83B8799F57984441AFE71CEADC59386D','张三','17854214644','青岛工学院'),('3C415836D31E44BD878BB3A178C414C8','2016-07-04 18:44:01','31.50',3,'83B8799F57984441AFE71CEADC59386D','张三','17854214644','青岛工学院'),('3E2F82C7D8C041CF83E63354D7FD6E04','2016-07-04 18:44:38','62.40',2,'83B8799F57984441AFE71CEADC59386D','张三','17854214644','青岛工学院'),('5F0075EBA7384238A14469D1CA56045A','2016-07-04 18:44:11','25.40',1,'83B8799F57984441AFE71CEADC59386D','张三','17854214644','青岛工学院'),('7D2C29B36F134B798EC6AEF14F1F6256','2016-07-04 18:43:59','28.80',3,'83B8799F57984441AFE71CEADC59386D','张三','17854214644','青岛工学院'),('89FEDC7C525C4BA58AD94CAC4ADAE939','2016-07-04 18:44:25','23.30',2,'83B8799F57984441AFE71CEADC59386D','张三','17854214644','青岛工学院'),('8EE4954FEEF7405A9517B0302E9023E6','2016-07-05 08:33:04','31.70',1,'85F81B1C88494F3D8A40BEDE50FFBDD0','李四2','17854214643','山东省青岛工学院'),('919A2F7D11D04E5EA341675D2D2F91E3','2016-07-04 18:44:18','64.00',2,'83B8799F57984441AFE71CEADC59386D','张三','17854214644','青岛工学院'),('AB66ABD5254C47CCBA6641AE019A8630','2016-07-04 18:44:04','35.40',1,'83B8799F57984441AFE71CEADC59386D','张三','17854214644','青岛工学院'),('AE4E4CB69ADC4EE49B872E5EEE288317','2016-07-04 18:40:17','24.70',2,'83B8799F57984441AFE71CEADC59386D','张三','17854214644','青岛工学院'),('C62AE04922A441358FA44C18A9D6A444','2016-07-04 18:40:41','32.00',1,'83B8799F57984441AFE71CEADC59386D','张三','17854214644','青岛工学院'),('C8085B23FC084B069D87E134D356A01A','2016-07-04 18:39:55','22.60',2,'83B8799F57984441AFE71CEADC59386D','张三','17854214644','青岛工学院'),('CF445E4F79994AB390DB91F4E956E1CE','2016-07-04 18:39:37','21.20',4,'83B8799F57984441AFE71CEADC59386D','张三','17854214644','青岛工学院'),('D051242A4FF042FC8A65B60F7970D9EB','2016-07-04 18:40:52','22.50',2,'83B8799F57984441AFE71CEADC59386D','张三','17854214644','青岛工学院'),('D3672A9D95DB4BFC879F730A5E8DCAE7','2016-07-04 18:39:47','54.80',3,'83B8799F57984441AFE71CEADC59386D','张三','17854214644','青岛工学院'),('D41A8A2EF7CD418585A26ED9D7AA8C9C','2016-07-04 18:40:47','16.40',2,'83B8799F57984441AFE71CEADC59386D','张三','17854214644','青岛工学院'),('D6C0BF6AE7B34AB3885AA54637FE9B46','2016-07-04 18:43:55','104.00',2,'83B8799F57984441AFE71CEADC59386D','张三','17854214644','青岛工学院'),('E27DE778DB3646AD9D42ABD72A3DF7BD','2016-07-05 08:35:43','31.70',1,'85F81B1C88494F3D8A40BEDE50FFBDD0','李四2','17854214643','山东省青岛工学院'),('FA676885D1DE409D8CAF7A8F0869BC2A','2016-07-04 18:40:35','21.30',4,'83B8799F57984441AFE71CEADC59386D','张三','17854214644','青岛工学院');

/*Table structure for table `tb_user` */

DROP TABLE IF EXISTS `tb_user`;

CREATE TABLE `tb_user` (
  `uid` char(32) NOT NULL,
  `username` varchar(50) NOT NULL,
  `password` varchar(50) NOT NULL,
  `email` varchar(50) DEFAULT NULL,
  `consignee` varchar(50) DEFAULT NULL,
  `phone` char(11) DEFAULT NULL,
  `adress` varchar(255) DEFAULT NULL,
  `code` char(64) DEFAULT NULL,
  `state` tinyint(1) DEFAULT NULL,
  PRIMARY KEY (`uid`)
) ENGINE=InnoDB DEFAULT CHARSET=utf8;

/*Data for the table `tb_user` */

insert  into `tb_user`(`uid`,`username`,`password`,`email`,`consignee`,`phone`,`adress`,`code`,`state`) values ('83B8799F57984441AFE71CEADC59386D','zhangsan','123456','477910067@qq.com','张三','17854214644','青岛工学院','04EB61BB14C848158483EB537CFAD5CCB7BEC89B2B544131AFBFFD5B773E3B32',1),('85F81B1C88494F3D8A40BEDE50FFBDD0','lisisi2','123456','1191863274@qq.com','李四','17854214643','山东省青岛工学院','72D743617A2B422CA2D71EF8A9F6434FE4F06CA8F7534BC5B730D54B642E48C5',1);

/*!40101 SET SQL_MODE=@OLD_SQL_MODE */;
/*!40014 SET FOREIGN_KEY_CHECKS=@OLD_FOREIGN_KEY_CHECKS */;
/*!40014 SET UNIQUE_CHECKS=@OLD_UNIQUE_CHECKS */;
/*!40111 SET SQL_NOTES=@OLD_SQL_NOTES */;
